Signature,ACA>A,ACC>A,ACG>A,ACT>A,CCA>A,CCC>A,CCG>A,CCT>A,GCA>A,GCC>A,GCG>A,GCT>A,TCA>A,TCC>A,TCG>A,TCT>A,ACA>G,ACC>G,ACG>G,ACT>G,CCA>G,CCC>G,CCG>G,CCT>G,GCA>G,GCC>G,GCG>G,GCT>G,TCA>G,TCC>G,TCG>G,TCT>G,ACA>T,ACC>T,ACG>T,ACT>T,CCA>T,CCC>T,CCG>T,CCT>T,GCA>T,GCC>T,GCG>T,GCT>T,TCA>T,TCC>T,TCG>T,TCT>T,ATA>A,ATC>A,ATG>A,ATT>A,CTA>A,CTC>A,CTG>A,CTT>A,GTA>A,GTC>A,GTG>A,GTT>A,TTA>A,TTC>A,TTG>A,TTT>A,ATA>C,ATC>C,ATG>C,ATT>C,CTA>C,CTC>C,CTG>C,CTT>C,GTA>C,GTC>C,GTG>C,GTT>C,TTA>C,TTC>C,TTG>C,TTT>C,ATA>G,ATC>G,ATG>G,ATT>G,CTA>G,CTC>G,CTG>G,CTT>G,GTA>G,GTC>G,GTG>G,GTT>G,TTA>G,TTC>G,TTG>G,TTT>G
SBS1,8.86E-04,2.28E-03,1.77E-04,1.28E-03,3.12E-04,1.79E-03,9.32E-05,2.23E-16,1.58E-03,3.39E-04,5.87E-04,2.23E-16,6.58E-05,2.53E-03,2.23E-16,5.88E-06,1.86E-03,1.22E-03,1.15E-04,1.14E-03,2.41E-05,7.68E-05,3.52E-04,2.23E-16,9.59E-06,1.64E-04,1.66E-04,2.23E-16,2.23E-16,2.03E-04,6.94E-05,1.56E-03,2.50E-02,6.32E-03,3.65E-01,9.58E-03,2.00E-03,2.70E-04,1.96E-01,1.96E-04,4.44E-03,9.28E-05,2.18E-01,3.84E-05,1.11E-03,3.73E-05,1.10E-01,2.23E-16,8.00E-04,2.23E-03,1.14E-03,1.83E-04,4.30E-05,3.93E-04,3.24E-04,2.60E-04,8.12E-05,1.29E-04,2.46E-04,2.58E-04,6.72E-03,2.23E-16,2.80E-05,2.25E-03,1.09E-03,3.04E-03,1.06E-04,5.74E-03,2.23E-16,2.50E-03,3.60E-04,4.26E-05,1.05E-03,1.90E-03,1.17E-03,7.13E-05,2.55E-04,3.39E-03,4.16E-04,4.33E-03,1.72E-04,2.07E-04,2.68E-04,1.12E-04,3.55E-05,2.12E-04,1.28E-04,1.71E-04,2.23E-16,2.23E-16,3.48E-04,1.46E-05,2.23E-16,5.51E-05,5.83E-04,2.23E-16
SBS2,5.80E-07,1.48E-04,5.23E-05,9.78E-05,2.08E-04,9.53E-05,2.23E-16,4.21E-04,8.62E-05,2.23E-16,1.39E-05,5.12E-05,6.39E-04,1.70E-04,8.53E-05,4.40E-04,2.23E-16,1.33E-04,1.52E-05,9.12E-05,2.23E-16,3.51E-04,4.87E-05,6.36E-05,6.54E-05,2.61E-04,2.23E-16,1.34E-04,2.23E-16,9.87E-05,4.12E-05,1.18E-03,6.11E-05,1.38E-03,3.27E-05,1.86E-03,4.32E-03,1.70E-04,2.77E-03,1.45E-03,2.23E-16,1.29E-07,2.23E-16,5.04E-05,5.36E-01,9.73E-02,4.42E-02,3.00E-01,9.59E-05,8.78E-04,2.55E-05,2.23E-16,2.43E-04,2.44E-04,1.49E-04,2.23E-16,2.23E-16,1.31E-04,6.38E-05,6.28E-05,4.22E-04,1.92E-04,5.01E-05,2.05E-04,6.17E-05,2.15E-05,1.32E-05,1.55E-04,3.02E-04,2.85E-05,2.23E-16,1.86E-04,2.23E-16,2.74E-05,1.07E-04,1.25E-05,2.23E-16,4.35E-05,1.17E-04,3.58E-05,2.38E-04,7.46E-05,2.05E-06,3.76E-06,1.53E-04,1.55E-04,1.21E-04,2.03E-04,2.09E-04,1.33E-04,3.71E-05,2.23E-16,1.67E-05,7.04E-05,9.54E-05,2.23E-16
SBS3,0.0208,0.0165,0.00175,0.0122,0.0225,0.0253,0.00251,0.0154,0.00713,0.0109,0.00143,0.01,0.00841,0.0168,0.00141,0.00997,0.0197,0.0117,0.000253,0.0174,0.0193,0.0141,0.0015,0.0223,0.0127,0.00863,0.00242,0.0147,0.0133,0.0203,0.00052,0.0235,0.0142,0.0124,0.00257,0.0121,0.0161,0.0202,0.00224,0.023,0.0164,0.0134,0.000528,0.0113,0.00576,0.0133,0.000989,0.00817,0.00549,0.00721,0.00964,0.00611,0.00794,0.0178,0.0132,0.0127,0.00706,0.00748,0.0116,0.0123,0.00651,0.0105,0.00671,0.013,0.0165,0.00776,0.0123,0.0173,0.00883,0.0145,0.0101,0.0158,0.00998,0.00564,0.0109,0.0102,0.0152,0.00899,0.00693,0.0139,0.00395,0.0026,0.0063,0.00397,0.00437,0.00704,0.0107,0.00703,0.00442,0.00234,0.0109,0.00583,0.00725,0.00628,0.00805,0.0105
SBS4,0.0422,0.0333,0.0156,0.0295,0.0807,0.0797,0.0245,0.069,0.0316,0.0348,0.0153,0.0212,0.0398,0.0469,0.0109,0.0413,0.00689,0.00284,0.00128,0.00355,0.00783,0.00687,0.0034,0.00682,0.00529,0.00575,0.0033,0.00304,0.00358,0.00595,0.00183,0.00338,0.0087,0.00418,0.000783,0.00425,0.0127,0.0115,0.00331,0.016,0.00409,0.00446,0.000482,0.00381,0.00374,0.00699,0.000281,0.00722,0.00942,0.00353,0.0124,0.00421,0.0144,0.0122,0.0325,0.0118,0.00922,0.0036,0.0131,0.00552,0.00888,0.00431,0.00954,0.00562,0.00795,0.000715,0.005,0.00156,0.00518,0.00236,0.0055,0.00256,0.0029,0.00118,0.00237,0.000755,0.00241,0.000503,0.00174,0.000636,0.00105,0.000159,0.00142,0.000216,0.00087,0.000441,0.00379,0.0012,0.000598,0.000253,0.00243,0.000252,0.000377,0.000174,0.00232,0.000568
SBS5,0.012,0.00944,0.00185,0.00661,0.00743,0.00614,0.00346,0.00649,0.0102,0.00765,0.00234,0.00682,0.00786,0.00917,0.0023,0.0127,0.0101,0.0057,0.00172,0.0101,0.00696,0.00907,0.00249,0.00953,0.00468,0.00508,0.00151,0.00672,0.00781,0.0076,0.00171,0.0125,0.0326,0.0179,0.00618,0.022,0.0194,0.019,0.0175,0.0231,0.0194,0.0216,0.0123,0.0186,0.0203,0.023,0.0159,0.021,0.00738,0.00693,0.00912,0.0062,0.00354,0.00519,0.00501,0.0043,0.00367,0.00291,0.00411,0.00322,0.00631,0.00414,0.00479,0.00875,0.0462,0.0134,0.0382,0.0383,0.0133,0.0104,0.0208,0.0149,0.0141,0.00794,0.015,0.0137,0.018,0.00971,0.0127,0.0185,0.00386,0.0026,0.00794,0.00483,0.00259,0.00461,0.00613,0.0073,0.00252,0.00171,0.0053,0.00235,0.00522,0.00656,0.00694,0.0135
SBS6,4.25E-04,5.24E-04,5.20E-05,1.80E-04,1.82E-03,4.09E-03,1.65E-03,9.60E-03,4.27E-04,9.13E-04,3.57E-04,1.23E-03,3.56E-04,4.98E-04,2.00E-04,7.47E-04,4.71E-04,2.89E-04,2.22E-16,2.54E-04,4.11E-05,3.72E-05,8.43E-05,1.44E-05,1.94E-05,6.85E-04,2.22E-16,3.21E-04,4.97E-05,1.13E-04,1.95E-06,1.28E-04,6.41E-02,2.29E-02,1.20E-01,2.13E-02,1.36E-02,1.48E-02,1.22E-01,1.38E-02,9.36E-02,1.11E-01,1.78E-01,7.44E-02,1.20E-02,1.05E-02,5.20E-02,6.99E-03,9.82E-05,5.46E-04,2.22E-16,1.66E-03,6.66E-05,5.51E-04,1.15E-04,1.79E-04,5.10E-05,4.89E-04,1.95E-04,2.48E-04,4.54E-04,1.14E-04,2.95E-05,4.26E-04,2.21E-03,1.13E-03,4.24E-03,5.02E-04,1.66E-03,1.03E-03,5.32E-03,1.27E-03,2.57E-03,1.11E-03,2.45E-03,9.06E-04,1.48E-03,1.09E-03,2.13E-03,1.74E-03,2.57E-05,2.04E-04,1.07E-04,3.86E-04,4.95E-05,7.84E-04,9.24E-04,1.30E-03,4.35E-05,2.13E-04,2.74E-04,7.87E-04,1.05E-04,2.87E-04,3.24E-04,1.01E-03
SBS7a,6.70E-05,1.79E-04,7.12E-05,2.48E-04,4.55E-04,2.40E-04,2.23E-16,3.72E-04,4.06E-05,1.38E-04,4.25E-05,2.23E-16,3.90E-04,6.36E-04,3.44E-05,6.13E-04,6.49E-05,2.16E-05,5.08E-05,9.56E-05,2.23E-16,1.31E-04,7.75E-05,9.56E-05,1.96E-05,3.32E-05,4.51E-05,4.20E-05,2.23E-16,5.09E-05,6.35E-06,2.81E-04,1.22E-04,1.77E-02,2.23E-16,7.42E-03,5.00E-02,5.53E-02,6.71E-03,5.66E-02,8.49E-05,1.17E-02,5.52E-06,1.61E-02,2.38E-01,3.31E-01,7.41E-02,1.07E-01,1.94E-03,6.70E-04,5.87E-04,3.71E-03,1.77E-04,2.61E-04,1.12E-04,3.71E-04,4.01E-04,2.24E-04,2.90E-04,3.06E-04,3.56E-04,3.89E-04,2.23E-16,7.98E-04,4.90E-04,2.27E-04,1.87E-04,6.15E-04,4.51E-04,2.59E-04,1.04E-04,1.82E-03,1.01E-04,7.41E-05,7.25E-05,8.11E-04,2.15E-03,5.96E-04,3.19E-04,8.12E-04,4.73E-04,2.47E-04,2.76E-04,3.09E-04,8.42E-05,1.72E-04,2.23E-16,2.65E-05,9.06E-05,1.21E-04,3.25E-04,8.35E-04,1.28E-04,1.16E-04,2.23E-16,8.29E-05
SBS7b,2.33E-03,4.61E-04,1.86E-04,7.10E-04,1.14E-03,1.55E-03,4.08E-04,1.49E-03,7.46E-04,2.15E-04,7.29E-05,1.47E-04,2.90E-03,3.52E-03,3.00E-04,1.41E-03,8.56E-06,1.89E-04,5.05E-04,2.85E-04,4.58E-04,9.60E-04,7.91E-04,8.90E-04,5.11E-05,4.52E-04,3.37E-04,2.77E-04,2.54E-04,1.62E-03,3.64E-04,7.14E-04,1.41E-03,3.81E-02,5.43E-04,1.08E-02,1.07E-01,1.82E-01,2.21E-02,1.26E-01,8.55E-04,2.63E-02,1.76E-04,5.39E-03,6.61E-03,2.11E-01,5.74E-02,1.02E-01,2.49E-03,4.67E-04,1.56E-03,8.29E-03,1.12E-03,9.58E-04,8.83E-04,1.12E-04,5.26E-04,2.56E-04,6.56E-04,5.59E-05,3.24E-03,2.24E-03,1.70E-03,2.22E-16,1.02E-03,4.56E-04,1.50E-03,2.15E-03,1.53E-03,8.40E-04,7.30E-04,5.73E-03,2.66E-04,2.22E-16,5.29E-04,6.85E-03,6.00E-03,1.73E-03,3.81E-03,2.97E-03,8.44E-05,9.32E-04,1.47E-03,7.33E-04,3.59E-04,7.92E-04,1.29E-03,3.68E-06,3.23E-04,3.21E-04,2.41E-03,1.83E-03,9.55E-04,1.55E-03,1.35E-03,1.77E-03
SBS7c,4.83E-03,1.15E-03,3.77E-04,1.96E-03,1.09E-04,3.09E-03,1.91E-03,1.35E-02,1.05E-03,7.42E-04,2.22E-16,3.63E-04,2.52E-03,1.42E-02,2.22E-16,3.73E-03,1.12E-03,3.19E-04,2.22E-16,1.93E-03,2.06E-04,2.26E-03,2.62E-04,4.24E-03,1.82E-04,4.73E-04,1.80E-04,1.28E-03,1.94E-03,4.61E-03,8.75E-06,1.23E-02,1.33E-03,7.68E-03,9.27E-04,7.48E-03,2.71E-03,5.97E-03,8.94E-03,2.06E-02,1.57E-04,9.51E-06,3.43E-05,7.58E-04,1.73E-02,1.37E-02,4.64E-05,2.32E-03,1.24E-02,3.42E-03,2.11E-04,5.07E-02,3.47E-03,1.34E-02,9.61E-04,4.87E-02,1.73E-03,2.27E-03,2.22E-16,2.03E-02,1.54E-02,3.42E-02,1.22E-02,2.79E-01,2.88E-04,5.33E-04,1.07E-03,2.65E-03,7.57E-03,3.58E-03,2.17E-03,4.31E-02,2.22E-16,4.23E-04,2.32E-04,7.07E-03,3.02E-02,2.09E-02,1.29E-02,8.81E-02,1.19E-02,1.05E-03,6.04E-04,2.22E-16,3.28E-03,5.58E-03,1.19E-03,3.40E-03,2.48E-03,1.66E-03,6.03E-03,6.75E-03,1.93E-02,1.74E-02,7.64E-03,2.17E-02
SBS7d,4.04E-05,7.65E-04,2.50E-04,4.05E-03,1.45E-02,3.22E-03,8.51E-05,1.17E-04,1.68E-04,2.22E-16,1.82E-05,7.40E-05,1.14E-02,7.76E-03,2.22E-16,1.91E-04,1.18E-03,2.55E-03,9.06E-04,2.91E-03,1.32E-03,2.86E-04,1.32E-03,2.22E-16,1.96E-04,2.22E-16,5.45E-04,8.82E-04,3.74E-03,5.88E-04,8.73E-04,8.53E-05,3.33E-03,1.40E-03,1.21E-03,3.29E-02,3.56E-02,2.60E-03,2.64E-03,1.38E-04,3.65E-04,1.81E-04,1.57E-04,4.21E-02,2.07E-04,5.65E-03,1.75E-03,5.00E-02,8.89E-05,1.08E-03,3.70E-03,4.11E-02,1.61E-03,8.13E-05,1.20E-03,1.15E-03,2.37E-05,1.12E-04,1.35E-03,8.76E-03,1.67E-02,1.23E-03,5.60E-03,2.73E-02,4.36E-03,3.93E-03,9.19E-03,5.10E-02,1.02E-02,8.89E-05,9.35E-04,3.97E-02,8.00E-04,2.32E-03,2.57E-03,3.18E-01,8.12E-02,1.43E-02,2.28E-02,4.31E-02,3.70E-03,2.66E-03,1.06E-02,1.43E-02,1.48E-03,4.98E-05,2.58E-05,1.56E-04,7.48E-05,2.23E-05,3.80E-03,6.84E-03,2.11E-04,1.15E-04,1.25E-04,1.66E-04
SBS8,4.41E-02,4.78E-02,4.62E-03,4.70E-02,4.01E-02,3.88E-02,3.41E-03,3.30E-02,2.42E-02,2.62E-02,2.74E-03,2.69E-02,2.98E-02,2.51E-02,1.90E-03,3.19E-02,4.33E-03,2.95E-03,2.86E-04,5.71E-03,5.00E-03,5.46E-03,1.05E-05,5.49E-03,2.58E-03,2.39E-03,4.88E-04,4.86E-03,1.47E-03,1.34E-03,7.82E-05,2.49E-04,6.81E-03,2.82E-03,3.23E-03,1.25E-02,2.67E-03,4.02E-03,1.49E-03,1.45E-02,2.76E-04,2.45E-04,1.91E-03,4.61E-03,5.04E-03,2.52E-04,4.17E-05,5.27E-03,1.95E-02,2.13E-02,2.28E-02,2.50E-02,1.90E-02,2.92E-02,2.76E-02,4.18E-02,1.28E-02,1.35E-02,1.56E-02,2.81E-02,1.15E-02,1.95E-02,1.29E-02,3.79E-02,9.77E-03,5.01E-03,6.98E-03,1.49E-02,2.39E-03,7.00E-03,1.26E-03,6.46E-03,2.60E-03,2.62E-03,2.81E-03,6.29E-03,2.08E-03,2.64E-03,2.22E-16,4.57E-03,1.64E-03,6.68E-04,4.77E-03,7.40E-04,1.22E-03,1.95E-03,4.70E-03,5.74E-04,1.31E-03,6.56E-04,3.97E-03,1.29E-03,2.22E-16,1.14E-03,3.09E-03,9.96E-04
SBS9,0.000558,0.00409,0.000426,0.00305,0.0048,0.00192,0.00137,0.00306,0.00772,0.00668,0.000171,0.00856,0.017,0.00246,0.000445,0.0273,0.00484,0.00196,0.00136,0.00641,0.000893,0.00154,0.000437,0.00303,0.00136,0.00283,0.000521,0.00857,0.00269,0.002,0.000404,0.00563,0.0081,0.00542,0.00438,0.00649,0.00724,0.00876,0.00651,0.0111,0.00698,0.00653,0.00476,0.0107,0.00427,0.00733,0.00326,0.00546,0.0127,0.00282,0.00276,0.0189,0.00479,0.00313,0.00531,0.00444,0.00265,0.00212,0.000788,0.00256,0.026,0.00185,0.0167,0.017,0.0203,0.0105,0.0143,0.029,0.0137,0.0153,0.0154,0.0329,0.00952,0.00978,0.00631,0.00986,0.014,0.0136,0.00931,0.0384,0.0451,0.00693,0.00533,0.0239,0.026,0.00741,0.0142,0.0565,0.0083,0.00585,0.00397,0.0194,0.0657,0.00862,0.0109,0.0639
SBS10a,2.19E-03,1.77E-03,1.50E-04,1.70E-02,3.18E-03,2.02E-04,4.64E-05,1.73E-02,1.21E-03,4.41E-04,1.05E-05,1.11E-02,9.40E-02,9.97E-03,1.16E-03,6.70E-01,2.23E-16,2.43E-05,2.23E-16,2.23E-16,4.57E-05,2.23E-16,2.01E-05,3.01E-05,1.50E-05,8.31E-05,2.23E-16,3.54E-05,5.55E-05,2.23E-16,2.23E-16,5.45E-05,1.04E-03,8.34E-04,5.57E-03,2.99E-03,3.68E-05,2.23E-16,2.23E-16,1.03E-04,4.22E-05,1.25E-02,1.49E-02,1.35E-02,3.66E-04,2.76E-03,2.79E-03,2.28E-02,5.07E-05,1.94E-04,2.23E-16,6.66E-03,2.23E-16,2.23E-16,2.23E-16,3.76E-04,3.31E-06,2.23E-16,7.30E-05,4.26E-04,2.04E-03,3.60E-04,6.93E-04,5.29E-03,7.45E-04,3.62E-03,2.14E-03,3.36E-03,1.22E-04,4.12E-05,1.05E-03,2.44E-06,2.20E-03,6.28E-03,2.23E-16,5.29E-03,7.30E-04,5.17E-03,3.63E-04,3.25E-03,1.92E-03,1.24E-03,3.20E-04,9.22E-03,1.55E-04,2.23E-16,5.35E-05,1.30E-03,2.04E-04,8.33E-04,2.23E-16,2.21E-03,2.69E-03,2.23E-16,2.16E-05,1.89E-02
SBS10b,1.82E-04,6.54E-03,5.35E-05,1.63E-05,5.21E-04,3.18E-03,8.38E-05,8.33E-03,7.31E-04,2.55E-03,8.52E-05,2.80E-03,4.46E-04,3.80E-03,5.73E-04,8.16E-02,3.05E-04,1.34E-04,2.22E-16,2.22E-16,2.99E-05,2.22E-16,2.22E-16,2.22E-16,1.72E-05,1.36E-04,2.22E-16,1.13E-04,2.22E-16,2.22E-16,2.22E-16,4.34E-05,5.49E-04,5.25E-03,4.14E-04,7.93E-03,1.51E-04,8.44E-05,3.70E-03,5.95E-04,3.63E-04,1.51E-02,1.26E-02,3.19E-02,2.73E-03,4.85E-02,4.37E-01,1.28E-01,1.82E-03,3.37E-04,2.34E-05,2.85E-03,7.09E-05,1.06E-04,2.22E-16,2.34E-04,2.22E-16,1.23E-04,2.22E-16,1.08E-04,3.06E-03,6.65E-04,7.06E-05,1.52E-03,9.35E-03,5.10E-04,5.31E-04,1.50E-04,1.32E-03,1.24E-04,2.53E-05,8.15E-04,1.47E-02,5.33E-03,1.38E-03,1.15E-02,8.86E-03,8.10E-05,6.68E-04,2.51E-05,3.47E-05,5.33E-05,5.23E-04,2.22E-16,2.27E-04,1.15E-03,4.79E-04,5.23E-03,4.81E-04,9.42E-04,1.73E-03,5.16E-03,1.13E-02,5.55E-03,2.76E-03,9.09E-02
SBS11,1.46E-04,5.52E-04,9.41E-05,2.66E-04,6.18E-04,9.86E-04,9.20E-06,1.50E-04,1.65E-04,4.05E-04,1.39E-05,2.22E-16,1.80E-04,9.38E-04,2.22E-16,4.73E-05,1.70E-04,2.90E-04,5.96E-05,5.35E-04,2.61E-04,1.77E-04,1.12E-05,9.64E-06,4.67E-05,1.14E-04,3.24E-06,1.86E-04,1.56E-05,2.24E-04,2.22E-16,1.85E-04,2.58E-02,1.47E-01,7.58E-03,1.09E-01,4.07E-03,1.26E-01,9.20E-04,6.51E-02,1.97E-02,1.15E-01,1.78E-03,6.96E-02,9.78E-03,1.58E-01,2.94E-07,1.19E-01,4.17E-04,4.41E-04,3.93E-05,3.40E-06,1.84E-04,2.12E-04,3.05E-04,1.62E-04,1.54E-06,3.75E-04,1.19E-04,1.64E-04,1.86E-04,2.02E-04,2.01E-04,6.74E-04,1.14E-03,9.38E-04,3.20E-04,1.19E-03,3.28E-04,7.13E-04,1.31E-04,8.45E-05,8.09E-04,8.60E-04,5.61E-04,2.37E-04,1.13E-04,4.67E-04,1.55E-04,1.06E-04,2.18E-04,4.67E-05,1.79E-04,2.85E-04,2.22E-16,2.22E-16,2.22E-16,1.33E-04,9.57E-05,2.22E-16,1.30E-04,1.54E-04,8.51E-05,6.73E-05,1.01E-04,5.55E-05
SBS12,4.52E-03,1.13E-03,5.40E-04,1.22E-03,5.42E-03,4.28E-03,1.17E-03,1.10E-03,1.98E-03,4.17E-04,4.47E-04,2.75E-05,3.48E-03,2.88E-03,5.05E-04,2.35E-03,1.22E-03,6.42E-04,7.51E-05,1.44E-03,1.34E-03,8.91E-04,1.73E-04,1.56E-03,5.64E-04,2.89E-04,9.54E-05,5.04E-04,9.69E-04,1.55E-03,2.14E-04,3.05E-03,5.51E-03,2.12E-03,1.18E-04,2.38E-03,6.59E-03,2.54E-04,4.09E-05,3.38E-03,4.48E-03,1.82E-03,7.46E-05,2.67E-03,5.52E-03,2.64E-03,8.85E-05,6.12E-03,5.17E-03,2.71E-03,3.12E-03,2.82E-03,5.46E-04,5.60E-03,1.41E-03,1.50E-03,8.26E-04,1.81E-03,2.51E-03,9.15E-04,3.75E-03,6.45E-03,2.77E-03,5.25E-03,7.36E-02,4.03E-02,7.05E-02,6.38E-02,4.54E-02,4.97E-02,3.74E-02,4.59E-02,7.11E-02,3.04E-02,4.15E-02,4.63E-02,8.61E-02,4.63E-02,4.00E-02,5.97E-02,2.01E-03,6.64E-04,8.08E-04,1.28E-03,8.93E-04,1.14E-03,5.93E-04,3.44E-04,4.12E-04,2.13E-04,4.96E-04,1.65E-04,1.63E-03,1.13E-03,8.75E-04,2.21E-03
SBS13,1.82E-03,7.21E-04,2.64E-04,3.48E-04,1.40E-03,9.68E-04,4.33E-06,2.22E-16,9.49E-04,4.51E-04,1.64E-04,6.15E-05,7.90E-02,2.94E-02,1.21E-02,3.55E-02,3.87E-03,9.51E-04,2.64E-04,4.00E-03,5.61E-03,6.48E-04,4.88E-04,6.40E-03,1.50E-03,4.79E-04,2.41E-04,2.70E-03,3.17E-01,6.35E-02,1.38E-02,3.69E-01,7.18E-03,2.22E-16,3.03E-04,3.18E-04,1.93E-05,1.35E-03,1.99E-03,1.45E-03,7.18E-03,9.21E-04,1.78E-04,1.27E-03,6.93E-03,4.48E-03,1.19E-03,1.42E-03,2.22E-16,6.52E-05,5.90E-04,6.06E-04,2.09E-04,3.42E-04,2.26E-04,5.23E-04,6.70E-06,1.30E-04,4.70E-05,3.58E-04,2.96E-04,2.32E-04,1.88E-04,6.20E-05,1.91E-03,1.42E-04,4.28E-04,9.59E-04,4.74E-05,1.22E-04,2.22E-16,1.12E-04,2.87E-04,1.82E-04,1.95E-04,2.22E-16,2.21E-05,2.49E-05,9.98E-05,5.31E-04,6.14E-05,2.22E-16,8.25E-05,3.20E-04,4.14E-05,2.82E-06,2.22E-16,5.55E-05,8.77E-05,2.22E-16,4.26E-04,2.89E-06,1.84E-04,2.22E-16,3.67E-05,1.89E-05
SBS14,1.12E-03,1.31E-02,4.13E-04,8.26E-02,1.63E-02,1.97E-02,1.38E-03,2.60E-01,2.08E-03,2.24E-02,1.11E-03,1.26E-01,3.47E-04,2.43E-02,7.08E-06,1.51E-01,2.22E-16,5.78E-06,3.91E-05,2.04E-04,8.55E-05,7.86E-05,1.91E-05,1.78E-04,2.22E-16,4.33E-05,2.22E-16,8.03E-05,1.97E-05,1.50E-04,1.83E-05,3.21E-04,1.24E-02,1.01E-02,2.65E-02,1.61E-02,2.73E-03,1.38E-03,1.16E-02,1.36E-03,1.71E-02,8.16E-03,1.92E-05,1.05E-02,3.54E-03,1.37E-04,5.32E-03,3.59E-04,6.13E-04,3.72E-04,3.54E-04,1.85E-03,1.55E-04,2.95E-03,3.17E-04,1.38E-03,5.77E-05,2.73E-03,1.20E-04,8.57E-04,2.00E-04,1.73E-03,3.57E-04,1.82E-03,1.26E-02,6.30E-03,1.24E-02,5.97E-03,3.16E-03,5.34E-03,4.47E-03,2.06E-03,1.10E-02,6.54E-03,1.10E-02,1.12E-02,6.27E-03,2.88E-03,4.31E-03,2.92E-03,2.12E-04,2.97E-03,7.09E-04,1.11E-02,4.85E-05,1.21E-03,4.35E-04,9.62E-04,7.79E-05,2.10E-03,7.81E-04,2.25E-03,9.92E-05,1.20E-03,1.14E-04,6.05E-04
SBS15,9.44E-04,4.97E-04,4.61E-05,1.11E-03,4.18E-02,5.05E-03,6.62E-05,2.87E-02,2.29E-03,2.49E-03,4.04E-04,1.82E-02,1.72E-02,5.81E-03,7.69E-05,8.05E-03,1.13E-04,2.69E-04,3.07E-05,3.25E-04,8.36E-05,1.70E-05,5.02E-05,8.45E-05,9.94E-04,6.08E-04,1.01E-05,4.51E-04,2.14E-04,6.12E-05,5.84E-05,1.74E-04,5.05E-03,6.91E-03,7.45E-02,1.78E-03,1.08E-02,1.11E-02,2.48E-02,1.56E-02,7.37E-02,1.29E-01,2.77E-01,7.72E-02,2.65E-02,9.56E-03,2.12E-02,1.74E-03,2.04E-03,8.41E-04,5.40E-04,9.54E-03,3.48E-04,2.44E-04,8.20E-05,1.05E-03,5.11E-04,5.89E-04,1.87E-04,8.40E-04,1.09E-03,1.57E-04,1.49E-04,4.75E-04,3.89E-03,1.96E-03,2.40E-04,9.29E-04,7.50E-04,2.15E-03,1.39E-03,1.75E-03,1.29E-02,1.16E-02,5.95E-03,5.86E-03,3.42E-03,5.92E-03,1.32E-03,1.35E-03,4.68E-04,4.15E-04,1.85E-04,3.63E-03,2.06E-04,1.57E-04,2.72E-04,2.49E-03,2.03E-04,5.80E-04,3.47E-04,1.39E-03,2.31E-04,2.94E-04,1.48E-04,5.99E-03
SBS16,1.60E-02,2.90E-03,1.02E-03,1.06E-02,1.04E-02,9.03E-03,1.74E-03,2.49E-03,8.61E-03,4.25E-03,1.36E-03,5.80E-03,1.08E-02,5.87E-03,1.49E-03,9.25E-03,1.74E-03,2.01E-03,8.47E-04,1.15E-02,3.55E-03,4.54E-03,1.46E-03,9.62E-03,1.05E-03,3.09E-03,8.13E-05,3.23E-03,2.51E-03,5.23E-03,4.39E-04,2.85E-02,1.76E-03,3.73E-03,3.27E-03,6.00E-03,7.17E-03,2.84E-03,6.91E-04,1.93E-02,6.50E-03,5.29E-03,1.17E-03,6.72E-03,6.36E-03,3.68E-03,3.02E-03,2.21E-02,2.31E-02,7.74E-03,8.81E-03,1.10E-02,3.21E-03,5.70E-03,1.03E-03,6.53E-03,9.40E-04,6.08E-04,5.55E-03,9.66E-04,1.23E-02,4.67E-03,5.18E-03,7.16E-03,2.42E-01,1.29E-02,6.39E-02,1.36E-01,1.07E-02,3.17E-03,9.61E-03,1.55E-02,2.06E-03,1.19E-03,4.28E-03,2.40E-03,1.30E-02,3.67E-03,7.23E-03,8.39E-03,1.12E-02,4.41E-03,4.62E-03,7.96E-03,3.96E-03,1.08E-03,2.24E-03,2.54E-03,9.02E-04,9.01E-04,6.75E-04,2.39E-03,9.78E-03,5.51E-03,5.24E-03,1.58E-02
SBS17a,2.07E-03,9.18E-04,4.76E-05,6.18E-05,2.95E-04,1.16E-03,2.22E-16,1.37E-04,1.78E-03,1.28E-03,1.06E-04,4.70E-05,1.90E-04,2.59E-05,2.22E-16,2.88E-04,1.01E-03,5.69E-04,1.52E-04,1.96E-05,5.53E-04,2.35E-04,2.32E-04,3.90E-05,8.78E-04,8.35E-04,2.37E-05,7.87E-04,3.75E-03,7.23E-04,3.80E-04,2.83E-04,1.22E-03,1.71E-03,3.95E-05,7.37E-04,8.21E-04,1.72E-03,1.90E-03,1.74E-03,1.64E-03,2.22E-16,1.61E-03,6.60E-05,5.32E-04,9.06E-05,1.77E-04,3.48E-04,1.01E-03,9.97E-04,2.00E-04,1.46E-03,4.34E-04,4.05E-02,1.24E-02,7.23E-02,6.46E-05,3.40E-03,6.95E-04,4.80E-03,1.19E-04,5.70E-03,1.83E-03,1.98E-03,9.65E-05,1.27E-02,3.76E-04,7.79E-03,1.11E-02,1.73E-01,8.73E-02,4.26E-01,1.23E-04,1.49E-02,3.57E-03,5.24E-03,2.09E-03,1.53E-02,2.35E-03,2.10E-02,8.51E-04,7.00E-04,7.19E-04,1.25E-02,3.10E-04,1.04E-03,1.94E-06,5.31E-03,4.95E-04,2.04E-04,8.35E-04,7.24E-03,2.22E-16,1.16E-04,9.20E-04,4.58E-03
SBS17b,6.08E-04,1.29E-04,5.82E-05,4.56E-04,2.71E-04,4.11E-05,2.23E-16,1.82E-04,9.98E-04,2.78E-06,9.24E-05,5.34E-04,1.24E-05,2.23E-16,9.51E-05,2.57E-03,1.46E-04,4.34E-05,2.23E-16,3.19E-04,1.94E-04,4.66E-05,2.23E-16,1.93E-04,5.99E-05,5.55E-05,2.23E-16,2.23E-16,1.60E-04,6.18E-05,1.55E-05,1.50E-03,5.71E-04,7.03E-05,2.87E-04,1.47E-04,4.57E-04,5.89E-05,5.43E-04,1.36E-04,6.11E-05,1.57E-04,8.55E-04,2.23E-16,1.08E-04,6.04E-04,6.24E-05,8.95E-04,6.26E-05,2.89E-04,6.57E-05,6.33E-04,9.36E-05,2.24E-03,7.17E-04,7.79E-03,9.73E-05,3.47E-04,2.41E-04,1.58E-03,1.19E-03,2.42E-04,2.23E-16,1.31E-03,9.73E-05,2.52E-04,2.23E-16,5.44E-04,6.47E-04,6.46E-03,3.92E-03,1.83E-02,5.95E-05,1.50E-03,1.01E-03,1.47E-03,1.06E-03,1.10E-03,1.21E-03,1.00E-03,1.41E-03,4.48E-03,9.90E-04,6.91E-02,2.05E-03,3.14E-02,1.37E-02,5.50E-01,2.81E-04,6.25E-03,1.48E-03,1.14E-01,1.22E-05,8.75E-03,4.78E-03,1.22E-01
SBS18,0.0515,0.0158,0.00243,0.0214,0.074,0.0196,0.012,0.0363,0.109,0.0173,0.00756,0.0623,0.0738,0.0436,0.0127,0.122,0.00173,0.00259,0.00192,0.00408,0.000613,0.00226,0.00358,0.00379,0.000635,0.00134,0.000639,0.00123,0.00214,0.00464,0.000899,0.00318,0.0092,0.00465,0.0122,0.00797,0.0117,0.00676,0.0168,0.00665,0.00968,0.00817,0.0148,0.00669,0.0114,0.0114,0.0118,0.00375,0.00249,0.000878,0.0026,0.00784,0.000542,0.00306,0.00321,0.00226,0.0016,0.00195,0.00183,0.00346,0.0108,0.00273,0.00179,0.0071,0.00202,0.00209,0.00208,0.00424,0.000386,0.00246,0.00162,0.00256,0.000708,0.00226,0.00398,0.00315,0.0018,0.00618,0.00326,0.00337,0.000721,0.000858,0.00199,0.00184,0.000111,0.00199,0.00293,0.00414,0.00087,0.000037,0.00583,0.00214,0.000696,0.0021,0.00145,0.00516
SBS19,1.27E-03,6.41E-04,2.46E-04,5.71E-04,1.32E-03,7.67E-04,2.36E-04,3.44E-05,8.14E-04,2.72E-04,2.05E-04,2.73E-04,1.38E-03,1.13E-03,2.85E-04,1.38E-03,3.19E-03,1.79E-03,6.16E-04,2.14E-03,1.77E-03,1.81E-03,4.81E-05,3.22E-03,1.31E-03,1.29E-03,5.97E-04,3.20E-04,1.75E-03,3.12E-03,4.41E-04,1.61E-03,2.80E-02,1.41E-02,1.55E-03,3.68E-02,1.19E-01,9.20E-02,1.57E-02,2.58E-01,6.10E-02,3.97E-02,3.21E-03,1.09E-01,4.39E-02,2.50E-02,4.32E-03,6.29E-02,7.86E-04,2.55E-04,9.52E-04,6.54E-04,9.60E-05,4.03E-04,2.94E-04,2.18E-04,1.89E-04,7.78E-05,4.86E-04,2.83E-04,4.94E-04,4.75E-04,3.73E-04,6.73E-04,2.59E-03,5.94E-04,2.31E-03,1.74E-03,4.52E-04,8.14E-05,4.98E-04,3.91E-04,9.54E-04,3.71E-04,9.53E-04,2.36E-03,1.24E-03,5.53E-04,1.08E-03,1.47E-03,2.33E-03,1.89E-03,1.77E-03,1.62E-03,7.14E-04,2.09E-03,1.33E-03,2.20E-03,6.36E-04,7.03E-04,5.10E-04,3.41E-04,1.66E-03,2.02E-03,2.07E-03,4.23E-03
SBS20,6.19E-04,1.39E-03,2.18E-05,1.24E-03,3.76E-02,9.89E-02,7.43E-03,2.52E-01,1.08E-02,5.65E-03,1.57E-03,2.49E-03,1.71E-03,3.37E-03,2.22E-16,9.04E-04,8.77E-03,1.51E-03,4.69E-04,4.42E-03,7.69E-05,4.38E-06,1.88E-04,1.01E-05,6.69E-04,2.86E-03,6.92E-04,3.02E-03,1.29E-04,2.82E-05,1.24E-04,1.12E-03,4.93E-02,1.30E-02,1.33E-02,1.30E-02,1.06E-02,1.30E-02,1.65E-02,1.17E-02,4.22E-02,5.32E-02,2.05E-02,3.31E-02,8.07E-03,9.19E-03,2.64E-03,5.00E-05,5.11E-04,5.19E-03,3.03E-04,2.56E-02,1.44E-04,6.48E-03,1.23E-04,1.02E-04,5.56E-05,2.56E-03,2.13E-03,4.30E-03,1.20E-02,3.18E-04,1.76E-04,6.71E-03,1.07E-02,4.55E-03,1.86E-02,1.03E-04,1.17E-02,4.83E-03,2.61E-02,6.90E-03,2.76E-03,2.26E-03,4.06E-03,9.28E-04,1.38E-02,1.66E-02,1.20E-02,1.93E-02,1.05E-05,2.13E-05,2.69E-05,5.82E-05,9.63E-04,1.60E-03,2.71E-03,5.11E-03,2.22E-16,6.65E-05,8.70E-05,3.56E-03,2.22E-16,2.22E-16,2.79E-03,1.51E-03
SBS21,1.57E-04,2.36E-03,2.94E-04,6.21E-04,2.22E-16,2.60E-03,1.98E-03,1.91E-02,2.14E-03,7.07E-03,1.69E-03,8.90E-03,1.46E-03,2.36E-04,6.83E-05,2.22E-16,1.69E-05,7.19E-04,2.22E-16,6.19E-05,1.97E-05,2.73E-04,1.01E-05,1.73E-04,3.88E-04,1.42E-03,1.17E-04,2.07E-04,6.54E-04,6.31E-04,6.27E-05,6.87E-04,2.17E-03,3.92E-03,7.40E-03,4.17E-05,1.35E-03,5.16E-03,6.22E-03,3.25E-04,9.32E-03,1.96E-02,4.34E-05,8.05E-03,3.60E-03,8.07E-05,3.17E-04,7.31E-05,3.46E-03,5.65E-03,2.48E-04,1.60E-03,6.19E-06,6.88E-04,1.25E-04,2.22E-16,1.17E-03,3.26E-03,7.42E-04,9.37E-04,2.57E-04,7.95E-04,9.85E-05,7.64E-05,1.67E-02,1.00E-02,3.88E-03,2.56E-02,1.15E-02,2.82E-03,1.44E-02,2.17E-02,2.23E-01,6.63E-02,1.17E-01,1.33E-01,8.42E-02,5.48E-02,2.76E-02,4.07E-02,3.92E-04,4.37E-04,1.87E-04,6.95E-05,4.35E-06,5.44E-05,2.01E-05,1.85E-04,2.86E-04,5.33E-04,2.13E-04,2.59E-03,4.65E-04,3.79E-04,1.31E-04,2.22E-16
SBS22,6.01E-03,9.54E-05,7.65E-04,1.72E-03,1.83E-03,4.43E-03,1.36E-04,1.10E-04,2.23E-03,1.73E-03,5.15E-04,5.51E-04,7.84E-04,1.74E-03,2.22E-16,3.96E-04,1.66E-03,1.95E-04,2.31E-04,6.20E-05,1.05E-03,7.85E-04,2.39E-04,3.20E-04,1.40E-03,9.30E-04,2.11E-04,4.55E-04,3.56E-03,1.52E-03,3.81E-04,3.88E-04,1.76E-03,2.20E-04,1.36E-03,6.16E-04,1.21E-03,3.19E-03,4.26E-04,1.60E-03,2.38E-03,1.87E-03,2.22E-16,1.76E-03,1.59E-03,1.32E-03,3.77E-05,2.22E-16,6.39E-02,7.01E-03,6.06E-02,2.51E-03,1.28E-01,5.51E-02,1.68E-01,6.03E-02,5.37E-02,1.02E-02,3.75E-02,9.32E-03,7.18E-02,2.36E-02,7.32E-02,3.01E-02,2.50E-02,8.99E-04,7.75E-03,7.55E-04,6.74E-03,1.34E-03,2.03E-03,5.36E-04,7.21E-04,1.24E-03,5.81E-04,8.34E-04,4.63E-03,2.22E-16,1.22E-03,2.22E-16,2.33E-03,5.09E-05,2.95E-03,4.18E-05,4.91E-03,8.80E-04,8.03E-03,1.19E-03,1.59E-03,2.36E-04,4.50E-04,1.96E-05,5.06E-03,7.52E-04,5.57E-03,5.95E-04
SBS23,8.35E-04,3.99E-04,9.85E-08,5.61E-18,1.51E-04,6.30E-04,1.30E-04,5.80E-04,3.37E-04,5.41E-04,1.19E-04,3.09E-05,2.13E-03,6.64E-04,9.12E-05,2.40E-04,5.74E-18,4.08E-05,2.86E-18,5.61E-18,1.74E-04,2.55E-04,1.86E-18,2.27E-04,4.32E-18,1.27E-04,1.83E-18,4.04E-18,2.11E-04,2.66E-04,2.56E-18,4.66E-04,2.26E-02,8.09E-02,8.72E-03,3.50E-02,6.22E-02,1.89E-01,1.42E-02,1.56E-01,5.37E-02,1.54E-01,1.23E-02,1.07E-01,1.53E-02,4.36E-02,2.87E-03,2.63E-02,8.28E-18,5.56E-18,3.54E-04,1.61E-04,4.62E-04,4.47E-18,1.32E-04,3.75E-04,6.26E-18,1.40E-04,4.68E-18,5.78E-18,7.77E-18,5.27E-18,1.85E-04,7.32E-18,8.86E-04,1.78E-04,4.70E-04,2.61E-04,6.86E-18,4.47E-18,3.89E-04,4.71E-05,2.18E-04,4.18E-04,4.68E-18,7.99E-04,7.77E-18,1.90E-04,3.02E-04,7.32E-18,8.28E-18,5.43E-18,5.68E-18,7.43E-18,6.85E-18,1.48E-04,6.52E-05,2.47E-04,6.26E-18,8.69E-05,1.57E-04,5.78E-18,1.86E-04,5.27E-18,1.82E-04,7.32E-18
SBS24,0.0364,0.0265,0.0148,0.022,0.0254,0.0349,0.016,0.0171,0.0622,0.128,0.0659,0.0544,0.0298,0.0519,0.00979,0.0228,0.00334,0.00367,0.00092,0.00285,0.00261,0.00522,0.000945,0.00471,0.00272,0.00579,0.00314,0.00338,0.00375,0.00558,0.00135,0.00407,0.0118,0.0112,0.000514,0.00915,0.00538,0.00885,0.00635,0.00429,0.0299,0.0437,0.0254,0.0203,0.0024,0.0122,0.00269,0.00471,0.00158,0.00225,0.002,0.0018,0.00132,0.00187,0.00503,0.0048,0.00157,0.00235,0.00249,0.00131,0.00412,0.00327,0.00199,0.00219,0.0064,0.00218,0.00176,0.00244,0.00227,0.00224,0.00422,0.00363,0.0037,0.00365,0.00267,0.00399,0.00146,0.003,0.00203,0.00367,0.00321,0.0014,0.00206,0.00471,0.00143,0.00088,0.00304,0.00471,0.00107,0.00153,0.00313,0.00268,0.000123,0.00264,0.00304,0.00396
SBS25,0.0099,0.007,0.00145,0.00497,0.0148,0.00782,0.00128,0.0126,0.0135,0.00647,0.000658,0.0105,0.00694,0.0102,0,0.0246,0.00803,0.00164,0,0.00343,0.0072,0.0046,0.000824,0.000196,0.00417,0.00239,0.000418,0.00199,0.0098,0.00327,0.00206,0.0164,0.021,0.0131,0.0197,0.00573,0.0143,0.00594,0.0116,0.0136,0.01,0.00695,0.0105,0.00982,0.0111,0.00645,0.0141,0.0124,0.0204,0.00889,0.00624,0.0149,0.0263,0.0158,0.0629,0.0366,0.0362,0.00585,0.0382,0.0202,0.0218,0.00341,0.0102,0.0145,0.0207,0.0095,0.0199,0.0145,0.00903,0.0108,0.0134,0.00896,0.0175,0.00405,0.0134,0.0142,0.0145,0.00741,0.00489,0.017,0.00528,0,0.00714,0,0,0.00289,0.0118,0.00855,0.00555,0,0.00869,0.00277,0.00208,0.000579,0.00943,0.00787
SBS26,8.73E-04,5.28E-04,1.14E-04,6.19E-04,1.41E-03,1.51E-03,3.62E-04,7.14E-03,4.96E-04,6.66E-04,1.29E-04,8.17E-04,9.38E-04,6.30E-04,1.23E-04,1.40E-03,4.27E-04,3.78E-04,6.83E-05,7.28E-04,3.64E-04,3.22E-04,4.17E-05,6.25E-04,3.95E-04,5.79E-04,7.38E-05,3.05E-04,1.31E-03,7.45E-04,9.41E-05,2.21E-03,2.66E-03,2.54E-03,5.33E-03,2.79E-03,1.69E-03,2.83E-03,3.34E-03,1.65E-03,2.75E-03,5.45E-03,6.68E-03,4.98E-03,3.29E-03,2.53E-03,2.63E-03,2.13E-03,1.52E-03,3.52E-03,6.25E-04,3.07E-03,9.44E-04,1.45E-03,1.14E-03,6.42E-04,7.83E-04,1.15E-03,6.08E-04,8.34E-04,1.13E-03,1.26E-03,2.78E-04,1.31E-03,8.48E-02,2.61E-02,7.85E-02,3.72E-02,5.20E-02,3.12E-02,7.87E-02,5.55E-02,8.35E-02,2.48E-02,7.12E-02,5.52E-02,4.23E-02,3.14E-02,3.03E-02,5.74E-02,2.92E-03,2.53E-03,2.29E-03,5.93E-03,1.42E-03,4.94E-03,5.56E-03,7.80E-03,1.37E-03,1.21E-03,2.35E-03,6.05E-03,1.43E-03,1.72E-03,2.84E-03,9.45E-03
SBS27,5.21E-03,4.74E-03,7.83E-04,2.72E-03,5.07E-03,2.23E-03,2.66E-04,3.10E-03,1.08E-02,1.24E-02,1.63E-03,7.41E-03,7.08E-03,6.27E-03,1.45E-03,9.81E-03,1.32E-03,1.77E-03,0.00E+00,1.32E-03,4.73E-03,1.26E-03,3.61E-04,2.68E-04,1.42E-03,1.35E-03,0.00E+00,4.56E-03,2.87E-03,3.11E-03,1.28E-05,2.13E-03,1.37E-02,5.42E-03,6.71E-03,4.48E-03,1.74E-02,7.14E-03,7.50E-03,7.15E-03,1.42E-02,2.01E-02,9.37E-03,7.59E-03,1.88E-02,7.99E-03,4.61E-03,1.19E-02,1.43E-01,1.46E-03,1.23E-03,2.54E-03,3.31E-01,2.81E-03,4.40E-03,5.43E-03,1.10E-01,2.35E-05,1.57E-03,0.00E+00,5.28E-02,4.71E-05,0.00E+00,1.93E-03,5.05E-03,1.85E-03,5.69E-03,2.59E-03,4.90E-03,5.72E-03,5.66E-03,3.90E-03,4.78E-03,1.96E-03,1.23E-03,3.75E-03,1.72E-03,3.49E-03,1.15E-03,1.53E-03,1.14E-03,9.59E-04,6.77E-05,2.56E-04,0.00E+00,3.81E-04,4.03E-04,1.44E-03,0.00E+00,5.08E-05,4.74E-03,2.30E-03,1.19E-03,2.80E-04,2.35E-03,1.40E-04
SBS28,7.84E-04,2.53E-03,3.53E-04,3.97E-03,2.03E-03,1.09E-04,2.22E-16,2.03E-04,1.56E-04,1.02E-03,3.95E-05,1.58E-04,1.43E-02,4.52E-04,1.29E-04,5.57E-04,1.54E-04,2.24E-04,2.22E-16,8.33E-05,1.44E-05,7.55E-05,2.22E-16,2.22E-16,1.83E-04,2.22E-16,2.22E-16,2.22E-16,1.15E-04,1.36E-04,2.46E-05,1.43E-04,7.77E-04,3.38E-03,7.05E-03,5.06E-03,2.92E-04,2.10E-04,2.55E-03,3.32E-03,3.25E-03,1.88E-04,2.15E-04,1.02E-04,4.84E-03,4.13E-03,1.74E-03,1.99E-03,1.72E-04,4.78E-04,1.52E-04,1.70E-03,1.40E-04,1.35E-03,8.06E-04,1.03E-03,1.16E-04,1.18E-04,7.17E-05,3.24E-04,1.88E-04,1.25E-03,3.21E-04,5.72E-03,5.49E-04,4.41E-04,4.05E-04,5.95E-04,1.32E-03,2.62E-03,2.49E-03,3.67E-04,4.91E-04,5.87E-04,7.31E-04,8.51E-04,1.31E-03,2.05E-03,1.41E-03,2.06E-03,9.87E-03,1.73E-02,7.68E-03,1.15E-01,1.46E-02,2.21E-02,1.55E-02,1.01E-01,1.16E-03,1.93E-03,3.13E-03,2.06E-02,4.23E-02,3.57E-02,1.40E-02,4.79E-01
SBS29,6.32E-02,5.12E-02,1.92E-02,3.56E-02,5.42E-02,3.69E-02,1.48E-02,5.19E-02,9.71E-02,9.03E-02,2.30E-02,8.46E-02,4.52E-02,4.11E-02,1.74E-02,4.11E-02,3.14E-03,2.63E-03,8.96E-04,2.49E-03,3.29E-03,6.34E-03,1.30E-03,6.69E-03,2.27E-03,1.64E-03,6.88E-06,3.21E-03,1.07E-04,6.83E-03,8.97E-04,3.36E-04,5.09E-03,4.31E-03,2.01E-02,1.83E-03,7.61E-03,1.64E-03,1.53E-02,6.73E-04,1.04E-02,7.96E-03,1.83E-02,5.12E-03,6.39E-03,3.61E-18,1.44E-02,4.28E-03,6.19E-04,2.00E-03,2.48E-03,1.96E-03,1.95E-03,1.41E-03,1.98E-03,1.98E-03,3.43E-03,7.89E-04,3.66E-03,1.07E-03,7.64E-04,1.93E-03,9.24E-04,1.20E-03,1.96E-03,2.29E-03,2.75E-03,1.15E-03,1.18E-03,1.84E-03,3.91E-03,1.78E-03,1.08E-03,3.59E-03,2.99E-03,1.55E-03,2.59E-03,1.50E-03,3.79E-04,8.22E-04,4.07E-04,8.17E-04,4.20E-04,8.10E-04,7.81E-04,5.69E-06,3.32E-04,7.67E-04,4.49E-05,9.17E-05,7.70E-04,1.15E-03,4.67E-04,9.93E-05,1.80E-04,9.28E-04
SBS30,1.80E-03,5.06E-04,9.13E-05,5.56E-04,7.68E-04,3.88E-04,4.07E-04,2.97E-04,9.43E-04,4.94E-04,2.22E-16,8.62E-04,6.96E-04,2.43E-04,8.26E-05,6.65E-04,1.07E-03,4.67E-04,1.31E-04,7.31E-04,1.27E-03,7.93E-04,1.20E-04,1.02E-03,5.15E-04,2.56E-04,1.17E-04,3.99E-04,1.27E-04,9.86E-04,1.06E-04,1.09E-04,1.06E-01,9.04E-02,1.44E-02,2.93E-02,1.10E-01,1.03E-01,1.68E-02,4.62E-02,4.97E-02,6.10E-02,5.24E-03,1.77E-02,9.80E-02,1.34E-01,1.47E-02,5.25E-02,3.63E-04,3.93E-04,6.38E-04,4.90E-04,2.14E-04,7.77E-04,5.87E-04,6.12E-04,3.29E-04,1.82E-04,9.86E-05,1.91E-04,2.82E-04,2.41E-04,1.90E-04,7.01E-04,6.11E-04,4.58E-04,2.77E-04,5.45E-04,1.27E-03,1.38E-03,1.27E-03,4.10E-03,9.35E-04,5.55E-04,5.01E-04,4.45E-04,5.44E-04,2.86E-04,2.03E-04,4.45E-04,3.90E-05,1.10E-04,4.10E-04,7.94E-04,1.98E-04,2.15E-04,7.85E-05,2.65E-04,1.88E-04,3.53E-04,1.38E-03,1.60E-04,1.18E-04,9.64E-05,8.13E-04,8.89E-03
SBS31,0.00954,0.0185,0.00166,0.00628,0.0107,0.0116,0.000329,0.0279,0.0131,0.0215,0.000972,0.00351,0.00186,0.00938,0.000955,0.00449,0.00832,0.00316,0.003,0.00378,0.00205,0.00186,0.000854,0.00342,0.00183,0.00751,0.000457,0.00336,0.000396,0.00292,0.000416,0.00424,0.0177,0.00928,0.00759,0.0101,0.0412,0.164,0.0082,0.145,0.0068,0.0114,0.00197,0.0057,0.00748,0.0246,0.00841,0.0195,0.00786,0.00607,0.00503,0.00416,0.0206,0.0211,0.0187,0.031,0.0019,0.00291,0.00577,0.000789,0.0067,0.00375,0.00327,0.00888,0.0204,0.0074,0.00812,0.00847,0.00815,0.00991,0.00446,0.0138,0.00453,0.00657,0.00513,0.00469,0.00459,0.0103,0.00401,0.0121,0.00368,0.00248,0.00402,0.000783,0.00197,0.00143,0.0015,0.000949,0.000304,0.000872,0.00255,0.00281,0.00225,0.00238,0.00535,0.0073
SBS32,2.23E-02,1.88E-02,4.46E-03,1.46E-02,1.24E-03,4.92E-03,1.66E-05,2.67E-03,4.51E-03,3.62E-03,8.77E-04,3.27E-03,9.73E-03,9.29E-03,2.38E-03,9.64E-03,1.99E-03,2.03E-03,1.13E-03,1.75E-03,1.15E-03,8.24E-04,5.37E-04,4.95E-04,8.76E-04,9.00E-04,6.86E-05,2.28E-04,4.71E-18,1.10E-03,9.97E-04,6.92E-04,8.64E-02,1.23E-01,3.66E-02,1.52E-01,1.69E-02,2.84E-02,1.12E-02,4.28E-02,2.26E-02,3.79E-02,1.04E-02,5.32E-02,2.48E-02,3.87E-02,9.85E-03,6.70E-02,7.13E-04,8.87E-04,7.12E-04,8.44E-04,3.25E-04,6.50E-04,1.41E-03,6.63E-04,8.79E-03,8.22E-03,1.31E-02,6.16E-03,5.12E-04,2.45E-03,1.76E-03,7.11E-04,9.36E-04,7.01E-04,1.09E-03,6.10E-04,5.93E-04,9.27E-04,1.84E-03,1.09E-03,9.14E-03,7.67E-03,9.62E-03,1.29E-02,8.97E-04,1.22E-03,1.69E-03,6.84E-04,3.86E-04,4.29E-04,1.27E-03,6.45E-18,5.81E-05,4.50E-04,1.09E-03,6.76E-04,1.15E-03,7.40E-04,3.01E-03,7.85E-04,2.26E-05,2.24E-04,8.18E-04,6.35E-04
SBS33,3.11E-03,2.23E-03,4.14E-04,1.90E-03,2.70E-03,1.91E-03,3.71E-04,2.53E-03,4.41E-03,9.68E-04,3.42E-04,3.19E-03,1.19E-02,5.11E-03,1.37E-03,1.28E-02,1.41E-03,1.30E-03,2.53E-04,1.30E-03,1.50E-03,4.10E-04,3.18E-04,6.62E-04,7.71E-04,7.76E-04,4.66E-05,9.31E-04,1.30E-02,2.51E-03,8.04E-05,2.01E-02,5.31E-03,2.13E-03,7.16E-03,3.07E-03,4.59E-03,1.53E-03,5.88E-03,2.70E-03,5.35E-03,5.14E-03,5.84E-03,3.93E-03,1.47E-02,3.17E-03,3.85E-03,9.04E-03,8.68E-04,1.14E-03,6.96E-04,5.07E-03,7.46E-04,9.92E-04,4.79E-04,1.12E-03,8.10E-04,3.62E-04,8.27E-04,1.76E-03,4.10E-03,2.17E-04,6.60E-04,2.72E-03,1.25E-02,3.75E-03,7.34E-02,9.21E-03,1.51E-02,3.01E-02,4.00E-02,3.07E-03,1.22E-02,7.94E-03,2.07E-01,9.71E-03,1.10E-02,1.25E-02,3.20E-01,9.12E-03,9.79E-04,3.02E-04,4.75E-04,7.58E-04,7.28E-04,9.49E-04,1.07E-03,1.92E-04,5.81E-04,6.37E-04,5.42E-03,4.51E-04,4.68E-04,1.64E-04,9.59E-04,2.25E-03
SBS34,4.87E-03,6.96E-03,5.20E-05,1.23E-03,1.95E-03,3.67E-05,2.98E-04,6.20E-04,2.81E-03,4.68E-04,2.27E-04,1.35E-05,4.27E-03,1.22E-03,2.22E-16,3.20E-05,7.62E-04,1.13E-03,2.22E-16,2.03E-03,1.19E-04,1.18E-04,1.90E-04,7.36E-05,3.34E-05,1.93E-04,2.22E-16,2.69E-05,6.18E-07,1.40E-04,2.22E-16,2.15E-03,3.52E-03,3.71E-03,1.18E-04,3.87E-03,4.75E-03,5.14E-04,9.45E-03,3.53E-05,2.33E-04,2.22E-16,1.67E-02,5.17E-04,1.86E-03,2.89E-04,3.00E-04,8.08E-04,1.03E-01,4.44E-02,3.46E-02,3.16E-01,2.37E-02,4.09E-04,1.17E-03,2.68E-04,1.90E-02,2.42E-03,6.53E-03,7.48E-03,2.72E-01,2.22E-16,7.77E-03,4.60E-02,4.62E-03,1.23E-03,1.95E-05,2.34E-03,5.94E-04,4.04E-05,8.11E-04,1.59E-03,1.09E-04,6.46E-04,4.40E-04,2.22E-16,1.40E-03,6.24E-03,1.10E-03,7.08E-03,2.82E-03,4.62E-04,1.97E-04,1.15E-03,1.06E-03,2.22E-16,4.36E-04,6.55E-07,3.65E-04,2.22E-16,5.65E-05,4.17E-04,2.22E-16,2.22E-16,1.52E-03,2.32E-04
SBS35,8.83E-03,4.62E-02,1.39E-03,2.16E-02,2.99E-02,3.30E-02,2.20E-03,8.25E-02,9.87E-03,5.02E-02,5.07E-04,2.29E-02,5.27E-03,2.31E-02,9.47E-05,1.53E-02,3.58E-03,4.55E-03,3.46E-04,9.48E-03,3.86E-03,6.30E-03,8.70E-04,1.62E-02,3.38E-03,2.14E-02,5.91E-04,8.74E-03,6.63E-03,5.63E-03,1.55E-04,2.12E-02,2.21E-03,3.99E-03,5.80E-04,9.00E-04,5.10E-03,8.32E-02,2.67E-03,4.70E-02,7.29E-03,1.78E-02,2.53E-03,6.03E-03,2.96E-03,1.26E-02,7.65E-04,8.04E-03,4.89E-03,7.36E-03,1.33E-03,7.37E-03,5.26E-02,3.30E-02,5.82E-02,6.64E-02,7.17E-04,5.56E-03,1.12E-03,2.86E-03,4.30E-03,5.30E-03,1.38E-03,5.41E-03,2.04E-03,8.21E-04,9.20E-04,2.03E-03,1.33E-03,2.02E-03,1.56E-03,3.18E-03,5.65E-04,2.03E-03,1.91E-04,4.21E-04,3.68E-04,8.22E-04,4.38E-04,1.06E-03,3.05E-03,9.66E-04,4.48E-03,2.63E-03,3.71E-03,5.18E-04,6.36E-03,2.71E-03,1.76E-03,5.07E-03,4.04E-03,3.35E-03,4.29E-03,1.94E-03,4.82E-03,3.62E-03
SBS36,0.0252,0.00832,0.00224,0.0179,0.0558,0.0202,0.0071,0.0605,0.0677,0.0192,0.00483,0.069,0.141,0.0772,0.0147,0.208,0.00184,0.00167,0.0005,0.00191,0.00124,0.00137,0.000419,0.00209,0.000886,0.00108,0.000172,0.00105,0.00398,0.00241,0.000302,0.00759,0.00596,0.00328,0.00707,0.00431,0.00675,0.00668,0.00533,0.00575,0.00372,0.0034,0.0057,0.00363,0.0107,0.00686,0.00389,0.00833,0.00244,0.00143,0.00253,0.00307,0.00126,0.00146,0.00214,0.00196,0.00088,0.000631,0.00117,0.00112,0.00246,0.00102,0.000872,0.0027,0.00525,0.00169,0.00384,0.00512,0.0015,0.00188,0.00185,0.00216,0.00234,0.0014,0.00184,0.00265,0.00297,0.00228,0.00138,0.0028,0.00109,0.000623,0.000936,0.000984,0.000478,0.000566,0.000887,0.00107,0.000185,0.000313,0.00153,0.000489,0.000788,0.000744,0.000902,0.00181
SBS37,0.00395,0.00145,0.00106,0.00185,0.00322,0.000814,0.000747,0.00177,0.00204,0.000629,0.000506,0.00129,0.002,0.00159,0.00112,0.00244,0.0343,0.0112,0.00535,0.0188,0.000442,0.000313,0.000321,0.000581,0.00132,0.000938,0.000577,0.00127,0.00179,0.00111,0.00086,0.00255,0.00624,0.00306,0.00633,0.00565,0.00361,0.0021,0.00327,0.00606,0.00255,0.00231,0.00432,0.00232,0.00402,0.0025,0.00343,0.00584,0.00225,0.00166,0.00249,0.00277,0.00157,0.00116,0.0016,0.00206,0.00115,0.000774,0.00108,0.00168,0.00245,0.00113,0.00128,0.00195,0.0733,0.0384,0.0168,0.048,0.05,0.0218,0.00995,0.0504,0.0307,0.0182,0.00983,0.04,0.0477,0.0451,0.01,0.0614,0.0217,0.0106,0.0168,0.0247,0.0026,0.00238,0.00377,0.00411,0.0118,0.00686,0.00983,0.0171,0.0183,0.0195,0.0302,0.0291
SBS38,0.0128,0.0101,0.0019,0.00885,0.381,0.0695,0.051,0.184,0.012,0.00628,0.00137,0.00909,0.0177,0.0115,0.00238,0.0278,0.00269,0.00158,0.000636,0.00244,0.00169,0.00126,0.000957,0.00127,0.0012,0.00108,0.00102,0.000917,0.00266,0.00218,0.0011,0.00395,0.00345,0.00215,0.00518,0.00244,0.00424,0.00473,0.0035,0.0041,0.00237,0.00296,0.00448,0.0032,0.00645,0.00723,0.00347,0.00658,0.00199,0.00194,0.00108,0.00272,0.000897,0.00202,0.00178,0.00236,0.000893,0.00112,0.00121,0.00184,0.00244,0.000928,0.000804,0.0025,0.00279,0.00164,0.00217,0.00349,0.00195,0.00232,0.00254,0.00427,0.0017,0.00216,0.00187,0.00305,0.00211,0.00219,0.00192,0.00306,0.00115,0.00107,0.00207,0.00286,0.000983,0.00141,0.00159,0.00688,0.000504,0.000939,0.00216,0.00334,0.00117,0.000903,0.0019,0.00529
SBS39,0.0117,0.00715,0.00267,0.0074,0.0101,0.00906,0.00574,0.00603,0.00688,0.00695,0.00453,0.00589,0.00598,0.00786,0.00301,0.00655,0.0473,0.0225,0.0136,0.0434,0.0288,0.0377,0.0123,0.0402,0.024,0.0213,0.00986,0.0324,0.0347,0.0367,0.00962,0.0507,0.0096,0.00404,0.006,0.0128,0.00911,0.00386,0.00757,0.00699,0.00803,0.0045,0.00548,0.00861,0.00388,0.00528,0.00486,0.00423,0.00531,0.00288,0.00694,0.00612,0.00494,0.00644,0.0068,0.00827,0.00496,0.00352,0.00667,0.00409,0.00669,0.00369,0.00546,0.0107,0.0112,0.00564,0.00964,0.0136,0.00734,0.00791,0.00777,0.00859,0.00747,0.00689,0.00574,0.00751,0.00594,0.00644,0.00498,0.00948,0.00388,0.00297,0.00766,0.00642,0.0053,0.00739,0.00983,0.00494,0.00333,0.0058,0.00772,0.00594,0.00839,0.00508,0.00728,0.0109
SBS40,2.82E-02,1.34E-02,2.92E-03,1.48E-02,2.08E-02,1.47E-02,2.54E-03,1.47E-02,1.42E-02,1.02E-02,2.55E-03,1.08E-02,2.60E-02,2.10E-02,3.17E-03,2.41E-02,1.22E-02,8.68E-03,2.25E-03,1.46E-02,7.56E-03,9.35E-03,1.68E-03,1.39E-02,5.06E-03,5.37E-03,1.19E-03,6.98E-03,1.25E-02,1.41E-02,1.74E-03,2.37E-02,1.97E-02,1.21E-02,2.67E-04,1.69E-02,1.96E-02,1.73E-02,2.36E-03,2.16E-02,1.43E-02,1.16E-02,3.93E-18,1.27E-02,3.00E-02,2.31E-02,2.12E-03,2.24E-02,6.10E-03,4.44E-03,6.93E-03,1.07E-02,1.09E-03,7.62E-03,3.46E-03,9.28E-03,2.65E-03,3.43E-03,4.41E-03,5.77E-03,7.13E-03,1.03E-02,5.02E-03,2.10E-02,1.87E-02,7.34E-03,1.55E-02,1.94E-02,1.09E-02,9.87E-03,1.05E-02,1.36E-02,6.01E-03,4.58E-03,5.65E-03,7.31E-03,1.02E-02,7.55E-03,6.01E-03,1.02E-02,7.23E-03,7.05E-03,8.06E-03,1.80E-02,3.35E-03,5.67E-03,5.59E-03,1.31E-02,2.49E-03,2.24E-03,4.45E-03,5.48E-03,8.46E-03,1.14E-02,8.66E-03,2.50E-02
SBS41,2.11E-03,1.22E-03,6.14E-05,1.33E-03,2.38E-03,9.19E-04,2.61E-04,2.65E-03,3.09E-03,7.23E-04,2.20E-04,1.95E-03,3.31E-03,1.72E-03,2.07E-04,5.90E-03,5.33E-03,3.16E-03,1.21E-03,8.27E-03,2.08E-03,1.20E-03,4.11E-04,5.03E-03,2.04E-03,2.69E-03,1.56E-04,3.56E-03,1.99E-02,1.42E-02,1.93E-03,4.46E-02,9.88E-03,3.36E-03,3.43E-03,6.35E-03,6.91E-03,1.85E-03,1.01E-02,7.73E-03,6.01E-03,8.64E-03,1.71E-02,8.41E-03,1.17E-02,6.47E-03,4.92E-03,1.15E-02,7.46E-03,4.30E-03,3.03E-03,6.96E-02,3.62E-03,3.19E-03,3.12E-03,9.01E-03,2.33E-03,2.29E-03,1.43E-03,4.52E-03,8.06E-02,1.43E-02,9.29E-03,5.35E-02,1.44E-02,5.79E-03,8.04E-03,1.77E-02,1.03E-02,5.25E-03,5.57E-03,7.87E-03,6.06E-03,3.74E-03,3.51E-03,3.89E-03,6.36E-02,2.68E-02,2.05E-02,4.61E-02,7.53E-03,1.64E-03,2.70E-03,7.61E-03,3.47E-03,2.41E-03,3.04E-03,1.05E-02,1.80E-03,9.50E-04,1.20E-03,3.47E-03,4.19E-02,1.55E-02,1.94E-02,8.79E-02
SBS42,1.16E-03,2.06E-02,3.34E-05,7.97E-03,1.16E-02,3.28E-02,1.88E-03,2.11E-02,7.71E-03,2.68E-02,1.06E-03,1.81E-02,5.10E-03,5.40E-02,9.04E-04,2.73E-02,4.06E-04,5.06E-04,1.77E-05,4.31E-04,4.26E-03,6.62E-03,4.70E-04,6.84E-03,2.40E-03,1.42E-03,2.23E-04,2.77E-03,5.59E-04,1.87E-03,2.07E-04,3.81E-04,2.24E-02,3.98E-02,4.40E-04,3.52E-02,1.87E-02,4.81E-02,1.92E-03,3.29E-02,3.36E-02,1.52E-01,4.55E-03,8.65E-02,4.82E-03,3.27E-02,3.64E-04,1.51E-02,1.33E-02,4.01E-03,5.01E-03,6.85E-03,1.26E-02,1.72E-03,1.49E-02,7.57E-03,1.20E-02,1.84E-03,7.77E-03,3.25E-03,8.50E-03,2.26E-03,5.33E-03,3.52E-03,1.16E-02,3.51E-03,8.56E-03,2.70E-03,3.54E-03,3.13E-03,3.56E-03,3.24E-03,5.82E-03,3.31E-03,3.21E-03,2.39E-03,6.82E-03,3.03E-03,3.41E-03,2.36E-03,1.20E-03,4.05E-04,6.37E-04,9.11E-04,8.70E-04,7.53E-04,5.68E-03,3.48E-03,1.14E-03,7.05E-05,4.10E-04,9.20E-04,1.15E-03,2.74E-04,2.93E-03,1.74E-03
SBS43,2.95E-02,5.90E-03,6.26E-04,2.07E-03,6.63E-03,8.20E-05,2.56E-05,5.22E-18,9.30E-03,1.69E-03,1.77E-04,1.39E-03,6.30E-03,5.37E-06,3.07E-18,6.52E-18,3.61E-04,3.13E-05,4.43E-03,3.54E-04,2.09E-05,2.12E-04,2.54E-03,8.53E-04,1.36E-02,1.52E-02,1.28E-02,1.80E-02,4.42E-06,1.03E-03,1.47E-03,2.51E-04,2.90E-05,1.28E-04,1.22E-03,9.10E-04,7.62E-06,4.35E-18,9.72E-05,7.44E-04,7.66E-04,4.10E-18,9.66E-06,1.86E-03,3.72E-05,5.06E-18,3.07E-18,8.36E-04,1.53E-02,3.78E-03,1.43E-03,4.28E-03,1.36E-03,1.21E-05,2.96E-04,2.03E-04,6.18E-03,1.33E-03,4.50E-03,1.31E-03,7.63E-05,9.38E-04,5.14E-05,8.77E-18,8.88E-06,3.13E-02,5.86E-04,8.80E-03,2.72E-03,1.05E-01,9.25E-03,9.45E-03,7.50E-18,2.19E-02,1.20E-03,5.18E-04,1.37E-04,3.59E-02,2.78E-05,1.84E-03,2.63E-03,4.07E-03,3.49E-02,5.64E-03,2.73E-03,7.26E-03,4.65E-02,6.26E-18,6.11E-02,7.56E-02,2.41E-01,7.46E-02,2.04E-04,8.25E-03,2.28E-02,1.32E-03
SBS44,7.68E-18,1.50E-04,9.16E-07,5.78E-03,2.84E-05,3.03E-02,3.74E-03,8.67E-02,7.68E-18,4.67E-03,6.05E-04,1.13E-02,8.53E-04,2.22E-03,3.15E-07,1.66E-02,3.18E-03,2.33E-04,3.14E-05,3.29E-03,5.36E-05,2.49E-05,7.68E-18,8.64E-05,2.19E-04,1.19E-03,7.68E-18,1.85E-03,6.73E-04,9.40E-06,7.68E-18,2.59E-03,8.99E-02,1.69E-02,1.43E-02,3.03E-02,3.57E-03,2.86E-03,1.55E-02,5.04E-03,9.55E-02,8.14E-02,4.96E-02,6.66E-02,1.40E-03,2.25E-03,7.68E-18,3.02E-03,4.78E-03,2.60E-03,1.08E-06,3.08E-02,1.24E-05,3.25E-03,5.82E-04,1.38E-05,1.16E-03,2.36E-03,2.21E-03,3.18E-03,6.96E-03,2.07E-05,5.02E-06,1.39E-02,1.93E-02,3.24E-03,2.72E-02,2.67E-04,1.46E-02,3.20E-03,3.38E-02,7.71E-03,2.70E-02,1.16E-03,1.73E-02,1.11E-02,1.99E-02,1.05E-02,1.91E-02,3.71E-02,2.40E-08,3.26E-05,7.47E-06,1.42E-03,2.34E-04,2.53E-03,3.47E-03,3.84E-04,7.68E-18,1.83E-05,1.03E-04,2.80E-03,7.68E-18,7.68E-18,9.17E-04,9.00E-03
SBS45,9.11E-03,2.85E-03,1.66E-03,9.64E-03,2.38E-01,1.51E-01,6.79E-02,1.94E-01,7.55E-03,5.73E-03,2.09E-03,6.99E-03,6.40E-02,6.42E-02,1.83E-02,6.20E-02,3.11E-03,1.93E-03,2.70E-04,1.43E-03,1.43E-03,8.00E-04,6.43E-04,1.91E-03,3.33E-04,1.01E-03,6.95E-04,9.32E-04,3.30E-03,2.01E-03,1.78E-04,3.29E-03,1.33E-03,6.01E-04,5.41E-03,1.22E-03,2.14E-03,5.07E-05,2.20E-03,2.73E-03,1.00E-03,9.33E-04,1.51E-03,1.99E-03,2.40E-03,2.02E-03,1.75E-03,2.95E-03,5.25E-04,4.97E-04,2.13E-03,6.05E-04,6.97E-04,1.04E-03,3.41E-03,1.34E-03,3.00E-04,6.38E-04,1.03E-03,5.10E-04,4.07E-04,2.62E-04,6.54E-04,1.39E-03,1.37E-03,4.18E-04,2.07E-03,1.46E-03,1.11E-03,2.87E-03,1.56E-03,6.02E-04,6.54E-04,5.70E-04,9.07E-04,1.39E-03,1.28E-03,1.10E-03,1.24E-03,5.45E-04,1.17E-04,5.84E-04,9.84E-04,1.66E-04,1.02E-04,2.81E-04,6.49E-04,7.28E-04,4.40E-04,5.20E-04,1.79E-04,4.96E-04,2.85E-04,1.35E-04,7.08E-04,7.24E-04
SBS46,0.0044,0.0047,0.0003,0.0034,0.0156,0.0072,0.0045,0.0083,0.0072,0.003,0.0004,0.0024,0.0123,0.0071,0.0025,0.003,0.0012,0.0015,0,0.0022,0.0005,0.0003,0.0001,0.0015,0.0001,0.0008,0,0.0006,0.0028,0.0024,0.0001,0.0049,0.0152,0.0089,0.0046,0.0068,0.0284,0.0133,0.0083,0.0064,0.0126,0.0045,0.0015,0.004,0.0185,0.0126,0.0037,0.0044,0.0027,0.0018,0.0005,0.002,0.0042,0.0033,0.0043,0.0036,0.0061,0.001,0.0024,0.0012,0.0045,0.0043,0.0005,0.0034,0.0185,0.0478,0.0329,0.0306,0.0223,0.0834,0.0504,0.0958,0.0221,0.0576,0.0353,0.0607,0.0093,0.0543,0.0237,0.0365,0.0001,0.0008,0.0016,0.0006,0,0.0018,0.0016,0.002,0,0.0001,0.0012,0.0006,0.0007,0.001,0.0009,0.001
SBS47,6.78E-02,2.97E-02,1.38E-03,1.19E-02,2.46E-02,5.27E-03,2.71E-04,6.82E-04,1.11E-02,3.48E-03,7.83E-04,1.41E-03,1.69E-02,8.11E-05,2.39E-05,1.92E-04,1.03E-03,6.17E-04,3.28E-04,1.72E-03,9.56E-04,2.37E-04,6.70E-04,1.37E-04,1.68E-03,2.28E-03,4.65E-04,2.22E-03,1.38E-04,1.19E-03,0.00E+00,9.24E-04,4.27E-03,9.40E-04,3.05E-03,2.49E-03,8.64E-04,4.61E-03,1.52E-03,3.00E-03,1.06E-03,1.71E-03,1.72E-03,4.04E-03,7.24E-03,3.71E-02,1.94E-03,8.09E-02,1.38E-01,7.16E-03,7.45E-03,6.76E-02,1.40E-02,5.71E-04,5.82E-05,7.60E-05,1.60E-02,2.28E-04,1.31E-05,3.28E-06,1.56E-01,1.23E-05,4.52E-04,4.35E-03,2.83E-03,5.67E-03,2.09E-03,1.30E-03,1.91E-03,6.28E-03,3.10E-03,5.45E-03,4.17E-04,1.09E-03,3.10E-03,3.19E-03,1.37E-03,1.75E-02,1.58E-03,1.15E-02,1.71E-04,1.72E-03,3.68E-03,8.08E-03,1.37E-04,5.15E-05,3.67E-03,1.07E-04,2.20E-02,1.04E-02,2.72E-02,8.84E-02,2.41E-03,2.25E-05,1.54E-03,3.62E-03
SBS48,8.55E-04,8.41E-04,2.58E-04,3.89E-05,1.18E-03,3.57E-05,1.37E-01,8.45E-04,7.52E-04,3.46E-04,7.39E-04,1.99E-05,1.24E-01,3.79E-03,7.09E-01,1.87E-04,1.98E-04,1.14E-04,8.03E-05,6.86E-04,9.93E-05,1.22E-04,3.63E-05,2.45E-04,7.84E-05,2.17E-04,4.31E-05,6.53E-05,1.37E-04,3.50E-04,2.82E-05,1.48E-04,2.87E-04,4.38E-04,1.21E-03,2.35E-04,1.82E-05,3.01E-04,1.87E-05,4.79E-04,3.45E-04,7.39E-06,3.03E-04,1.10E-04,2.14E-04,3.17E-04,4.02E-04,5.85E-06,6.60E-04,2.66E-04,4.65E-04,6.75E-04,8.62E-05,1.02E-04,3.10E-04,3.62E-04,1.30E-04,1.24E-04,1.43E-04,2.31E-04,2.35E-05,7.64E-06,8.32E-06,4.26E-04,1.10E-03,1.89E-04,2.85E-04,1.11E-03,1.45E-04,4.50E-04,3.21E-05,6.77E-05,1.57E-04,1.29E-04,4.67E-05,1.10E-04,6.05E-04,4.04E-04,2.97E-04,5.32E-04,5.17E-04,4.10E-05,3.51E-04,1.99E-04,1.34E-04,9.28E-05,1.04E-04,6.57E-05,7.64E-06,1.35E-04,6.63E-05,1.15E-05,2.50E-04,2.22E-04,3.50E-04,3.20E-07
SBS49,2.51E-02,7.03E-03,7.11E-03,7.97E-03,2.29E-01,2.86E-02,5.15E-01,4.90E-02,7.88E-03,2.48E-03,6.83E-03,5.84E-03,3.29E-02,5.11E-03,4.05E-02,8.75E-03,2.88E-04,1.35E-04,2.04E-04,1.76E-04,2.16E-04,2.56E-04,2.38E-04,1.91E-04,1.52E-04,1.10E-04,3.67E-05,2.08E-04,4.80E-05,1.53E-04,6.33E-05,5.44E-04,5.75E-04,3.03E-04,2.01E-03,4.15E-04,4.70E-04,4.93E-04,1.38E-03,5.19E-04,1.84E-04,1.18E-04,1.04E-03,3.08E-04,1.87E-04,5.82E-04,9.34E-04,3.12E-04,1.29E-04,7.78E-05,2.41E-04,3.54E-04,7.41E-05,5.14E-05,2.32E-04,1.06E-04,5.04E-05,9.10E-05,1.10E-04,1.31E-04,4.20E-04,5.70E-05,7.53E-05,3.31E-04,6.13E-04,8.14E-05,2.00E-04,4.82E-04,1.21E-04,1.78E-04,1.08E-04,9.74E-05,6.59E-05,1.51E-04,6.53E-05,1.75E-04,1.73E-04,8.47E-05,6.31E-05,2.08E-04,1.96E-04,8.28E-05,1.26E-04,1.26E-04,1.06E-04,2.67E-05,1.12E-04,9.29E-05,6.61E-05,4.37E-05,1.47E-04,1.02E-04,1.50E-04,1.38E-04,1.12E-04,3.64E-04
SBS50,1.19E-01,1.27E-01,5.77E-03,8.32E-02,2.25E-02,2.89E-03,5.18E-18,1.15E-03,1.42E-02,7.58E-03,2.44E-04,2.04E-03,1.90E-02,8.86E-04,4.19E-05,1.85E-03,3.85E-03,1.10E-03,8.27E-04,1.97E-03,6.56E-05,2.89E-04,1.42E-03,5.12E-04,2.67E-02,3.30E-02,2.80E-03,1.43E-02,9.32E-04,4.93E-04,1.03E-04,4.21E-04,3.52E-03,1.80E-03,1.39E-02,6.92E-03,3.84E-03,4.25E-03,1.08E-03,1.19E-02,2.42E-03,1.58E-03,5.50E-03,1.63E-02,1.94E-02,1.04E-01,3.97E-03,8.18E-02,5.36E-03,3.94E-03,5.73E-04,2.41E-03,1.93E-04,5.35E-04,5.16E-04,2.09E-04,7.32E-04,1.05E-03,1.99E-04,7.86E-04,1.69E-03,6.64E-04,7.54E-05,2.95E-03,2.63E-03,9.28E-03,1.13E-03,4.92E-03,8.39E-04,1.77E-02,2.42E-03,1.38E-03,1.38E-03,5.38E-03,3.71E-03,1.17E-03,1.09E-03,2.90E-02,1.02E-03,5.11E-03,7.43E-04,6.07E-04,3.94E-03,1.03E-04,8.94E-04,6.18E-05,3.66E-03,4.71E-04,8.67E-03,9.59E-03,3.51E-02,3.65E-02,3.27E-04,6.55E-04,8.72E-03,1.60E-03
SBS51,0.141,0.00169,0.0048,0.0212,0.00698,0.00317,0.0043,0.00507,0.00394,0.00328,0.00428,0.00345,0.0357,0.00286,0.00454,0.00037,0.00396,0.00454,0.00197,0.0009,0.00285,0.00012,0.00203,0.00261,0.00341,0.00114,0.000267,0.00285,0.00205,0.00361,0.00216,0.00333,0.0358,0.00565,0.00565,0.0032,0.00323,0.0047,0.0207,0.00406,0.00447,0.00309,0.00428,0.00595,0.0017,0.00177,0.00649,0.0424,0.113,0.00135,0.0368,0.0295,0.00611,0.00149,0.00652,0.00362,0.0204,0.00385,0.00429,0.000146,0.0201,0.00258,0.00403,0.00638,0.00259,0.0193,0.00395,0.00187,0.00418,0.0711,0.00293,0.00664,0.00118,0.00227,0.00456,0.00401,0.00446,0.00393,0.00247,0.0213,0.000723,0.00409,0.0278,0.00213,0.00278,0.00256,0.00593,0.0023,0.00219,0.0053,0.0762,0.00209,0.00255,0.00347,0.00276,0.00291
SBS52,0.0152,0.00654,0.00414,0.00924,0.0574,0.019,0.0136,0.0188,0.00824,0.00732,0.00404,0.00421,0.464,0.0468,0.134,0.061,0.00173,0.00152,0.000818,0.00171,0.00118,0.000835,0.000568,0.0012,0.00138,0.00145,0.00101,0.00102,0.00198,0.00144,0.000581,0.00242,0.00269,0.0021,0.00408,0.00176,0.00327,0.00182,0.00238,0.00257,0.00178,0.00122,0.00283,0.00102,0.00147,0.00153,0.00219,0.00165,0.00177,0.00118,0.00119,0.00119,0.00122,0.000231,0.00123,0.000856,0.000524,0.000399,0.00129,0.000811,0.00105,0.000469,0.000778,0.00134,0.00375,0.00188,0.00262,0.00492,0.00239,0.00131,0.00123,0.00234,0.00242,0.00205,0.000914,0.00311,0.00277,0.00218,0.00107,0.002,0.00173,0.000529,0.00119,0.00186,0.000803,0.000775,0.000796,0.000863,0.00113,0.000561,0.00137,0.000864,0.00143,0.00112,0.00148,0.00253
SBS53,5.38E-03,1.96E-03,3.81E-02,1.71E-05,3.34E-01,3.55E-03,6.77E-02,4.92E-03,4.32E-04,3.44E-03,5.08E-02,1.14E-03,2.67E-03,3.64E-03,4.47E-04,8.71E-04,7.03E-03,5.46E-03,2.51E-03,3.04E-03,2.72E-03,6.03E-03,1.62E-03,5.08E-04,1.38E-03,8.47E-02,3.00E-03,5.73E-04,3.74E-03,4.99E-03,1.87E-03,3.74E-03,7.22E-03,1.96E-03,6.95E-03,1.94E-03,1.46E-02,4.60E-03,1.37E-02,1.60E-02,9.18E-03,1.19E-02,5.99E-03,3.10E-03,5.73E-03,5.77E-03,1.02E-02,7.71E-03,5.89E-03,2.59E-03,2.87E-03,4.63E-03,3.69E-03,4.50E-03,3.30E-03,8.61E-03,4.45E-03,2.70E-03,3.96E-03,3.11E-03,3.10E-03,3.56E-03,1.60E-03,5.08E-03,1.13E-02,3.70E-03,8.25E-03,7.18E-03,1.01E-02,4.07E-03,8.49E-03,5.42E-03,5.61E-03,6.68E-03,2.56E-03,6.99E-03,7.11E-03,5.03E-03,4.72E-03,2.19E-03,4.59E-03,2.90E-03,5.06E-03,2.06E-03,1.49E-03,4.24E-03,2.98E-03,2.72E-03,4.38E-03,1.74E-03,4.73E-03,2.03E-03,1.30E-03,4.36E-03,6.15E-03,7.05E-03
SBS54,2.16E-03,7.96E-04,1.64E-03,4.14E-04,6.32E-05,2.57E-03,5.93E-03,5.53E-03,5.19E-03,9.13E-03,5.64E-03,6.73E-03,6.69E-04,4.05E-05,8.28E-04,7.20E-03,1.55E-03,4.96E-04,1.70E-03,5.18E-03,1.13E-03,8.83E-04,4.34E-04,1.33E-03,2.19E-03,2.20E-04,1.59E-03,4.94E-03,4.69E-03,5.17E-04,1.23E-03,3.11E-04,1.48E-03,5.29E-04,3.43E-04,4.99E-03,3.37E-03,2.26E-04,2.83E-02,3.71E-03,2.22E-04,1.31E-02,1.91E-02,2.48E-04,7.45E-18,6.61E-04,1.19E-13,2.36E-04,9.56E-04,3.19E-03,4.23E-03,3.01E-04,7.45E-18,7.32E-04,1.92E-03,6.66E-05,2.33E-03,8.99E-03,2.64E-03,1.85E-03,1.55E-03,1.79E-04,3.29E-04,7.45E-18,2.92E-02,7.75E-03,2.02E-01,7.83E-03,1.14E-02,1.70E-02,1.93E-01,2.69E-02,1.14E-02,4.43E-03,1.21E-01,5.41E-03,4.73E-03,8.19E-03,8.84E-02,1.25E-02,3.87E-05,1.58E-03,1.15E-03,3.40E-04,4.36E-03,1.89E-02,2.21E-02,8.86E-04,1.70E-04,1.53E-03,7.45E-18,1.21E-05,3.24E-05,7.06E-04,7.69E-03,4.99E-04
SBS55,5.88E-03,2.05E-03,4.49E-05,1.17E-03,6.25E-03,3.75E-03,6.41E-04,2.84E-05,8.55E-04,1.92E-04,7.72E-05,7.38E-04,1.74E-03,8.28E-18,9.91E-05,4.06E-03,2.85E-03,1.68E-04,5.10E-04,1.27E-03,2.94E-03,2.86E-03,2.64E-04,3.31E-03,8.51E-04,1.41E-03,5.72E-03,6.82E-05,7.06E-03,3.28E-03,2.29E-04,2.11E-03,5.11E-03,2.33E-04,5.32E-03,7.76E-04,7.25E-03,4.00E-03,6.59E-05,7.19E-04,6.50E-03,1.51E-03,1.19E-02,5.29E-03,5.82E-11,4.11E-03,4.81E-03,3.14E-02,4.26E-03,6.18E-04,8.10E-03,3.92E-03,7.39E-05,1.10E-06,1.60E-02,5.23E-03,2.43E-03,1.85E-04,1.25E-02,5.12E-03,3.61E-03,6.95E-05,9.48E-03,2.10E-03,4.35E-03,3.36E-06,4.02E-03,1.37E-02,4.18E-03,4.98E-03,9.49E-04,6.84E-04,2.61E-03,3.17E-03,6.01E-03,1.26E-02,4.88E-03,9.80E-04,4.16E-03,8.87E-04,2.62E-04,9.20E-04,1.45E-01,2.28E-03,1.65E-03,4.66E-04,1.13E-01,1.18E-03,5.67E-03,3.20E-03,2.99E-01,1.44E-03,6.06E-03,5.65E-03,7.95E-02,4.12E-02
SBS56,1.26E-02,1.57E-02,2.06E-04,2.30E-02,2.48E-03,6.68E-03,6.72E-18,7.13E-02,2.17E-04,7.34E-03,9.79E-06,1.57E-02,2.19E-01,1.32E-02,5.46E-03,4.02E-01,4.18E-04,1.66E-04,4.28E-04,1.23E-04,2.04E-04,2.25E-04,6.66E-05,7.69E-04,1.87E-04,9.83E-05,5.62E-06,1.75E-06,1.13E-03,2.94E-04,8.39E-05,4.11E-04,7.40E-03,9.82E-04,1.52E-03,2.84E-03,2.98E-04,5.31E-04,7.95E-03,5.08E-04,9.49E-06,5.06E-04,2.06E-03,8.30E-04,2.00E-04,1.84E-04,1.54E-04,8.20E-05,5.05E-06,4.29E-03,5.13E-04,2.90E-02,1.19E-03,9.74E-04,1.59E-03,6.09E-06,4.20E-04,2.37E-03,4.36E-04,5.37E-03,9.42E-03,8.05E-04,6.36E-03,7.44E-04,1.25E-02,6.16E-03,9.55E-03,1.24E-02,3.37E-03,2.64E-03,4.81E-04,2.06E-04,7.30E-04,2.73E-05,1.65E-03,2.58E-03,5.68E-04,1.32E-03,1.85E-03,2.85E-04,1.21E-04,7.99E-18,1.27E-05,5.75E-03,5.82E-03,3.93E-07,4.45E-03,6.78E-18,6.72E-18,9.19E-07,6.72E-18,1.14E-04,9.46E-03,1.00E-06,1.01E-04,2.90E-02
SBS57,1.23E-02,1.43E-03,3.33E-03,8.64E-03,8.70E-03,3.94E-03,1.07E-03,8.21E-03,1.89E-03,7.52E-04,6.57E-18,1.95E-03,1.43E-02,7.09E-04,2.23E-04,6.19E-03,1.54E-02,3.13E-03,2.77E-03,5.07E-03,8.88E-04,2.87E-03,7.63E-04,2.87E-03,3.79E-03,2.57E-03,1.86E-03,4.36E-04,2.28E-03,2.80E-03,1.33E-03,1.29E-02,3.26E-02,1.29E-02,1.76E-02,1.54E-02,1.49E-02,1.21E-02,6.40E-03,3.20E-02,5.14E-03,6.93E-03,8.44E-03,6.18E-03,8.14E-03,1.73E-02,4.60E-03,3.72E-02,3.28E-03,6.43E-03,5.80E-03,6.31E-03,6.39E-03,6.59E-03,1.29E-03,1.07E-02,3.33E-03,5.97E-04,2.46E-03,7.93E-03,3.02E-03,9.23E-03,4.40E-03,2.89E-02,2.66E-02,9.66E-03,1.03E-02,1.79E-02,1.20E-02,4.56E-03,8.30E-03,2.43E-02,3.86E-03,2.29E-03,4.72E-03,5.36E-03,4.90E-03,2.67E-02,2.96E-03,1.95E-01,7.06E-03,7.89E-04,1.23E-03,5.97E-03,1.40E-04,8.47E-04,2.19E-03,5.16E-03,1.40E-03,1.71E-04,8.61E-04,2.83E-03,3.22E-03,3.96E-03,5.40E-03,1.19E-01
SBS58,5.89E-02,6.75E-03,8.25E-04,5.58E-03,6.18E-03,1.83E-03,1.46E-03,1.96E-03,2.74E-03,1.08E-03,2.73E-03,3.50E-04,7.37E-03,4.29E-04,2.73E-03,1.47E-02,2.06E-02,1.74E-03,1.69E-03,2.03E-03,7.94E-04,1.28E-03,5.11E-05,1.25E-03,2.12E-03,1.49E-03,1.71E-03,1.08E-03,2.13E-03,1.80E-03,6.30E-04,1.81E-02,8.05E-02,6.76E-03,8.63E-03,7.31E-03,8.09E-03,9.92E-03,7.99E-03,2.77E-02,6.78E-03,3.15E-03,7.36E-03,5.03E-03,4.29E-03,1.53E-02,3.34E-03,1.79E-01,2.45E-02,1.46E-03,4.69E-03,8.77E-03,2.48E-03,2.23E-02,8.58E-04,1.30E-03,2.07E-03,6.26E-04,2.04E-02,2.77E-03,1.19E-02,8.98E-04,8.29E-04,1.46E-02,8.05E-02,4.93E-03,6.75E-03,8.16E-03,3.92E-03,9.50E-03,5.93E-03,2.82E-02,2.18E-03,7.80E-04,1.11E-02,2.02E-03,3.31E-03,1.96E-02,2.16E-03,3.20E-02,1.35E-02,7.88E-04,2.71E-03,2.08E-03,5.03E-04,1.04E-03,6.99E-04,4.73E-04,8.07E-03,2.69E-03,2.34E-02,1.69E-02,7.98E-04,1.59E-03,6.74E-03,2.17E-02
SBS59,3.59E-03,2.37E-03,1.42E-04,1.45E-02,2.23E-03,5.93E-03,8.15E-04,2.02E-03,1.03E-01,1.29E-01,1.21E-02,4.99E-01,2.37E-05,2.02E-02,6.34E-04,3.83E-03,2.94E-03,2.44E-03,8.30E-04,3.83E-03,2.08E-03,1.73E-03,6.90E-04,3.46E-03,1.44E-03,1.72E-03,3.59E-04,2.26E-03,2.35E-06,2.09E-03,4.05E-04,1.52E-03,3.92E-03,2.86E-03,2.56E-03,3.39E-03,2.87E-03,4.09E-04,1.10E-03,2.42E-03,2.44E-03,2.35E-03,3.24E-18,2.96E-03,1.61E-04,2.80E-04,4.54E-18,2.09E-03,2.00E-03,2.50E-03,2.19E-03,2.80E-03,7.03E-05,1.64E-03,1.39E-04,3.71E-03,2.55E-04,1.98E-03,5.05E-04,1.51E-03,2.09E-03,1.86E-03,4.53E-04,2.99E-03,9.95E-03,2.61E-03,3.52E-03,1.08E-02,2.20E-03,5.73E-03,1.64E-03,1.22E-02,7.10E-04,3.18E-03,9.86E-04,1.19E-03,2.05E-03,2.24E-03,1.35E-03,2.61E-03,1.79E-03,1.56E-03,1.70E-03,3.44E-03,1.01E-03,2.62E-03,2.02E-03,2.12E-02,1.23E-03,1.65E-03,2.29E-03,7.45E-03,1.60E-03,2.33E-03,1.96E-03,1.30E-17
SBS60,6.15E-03,7.79E-04,2.23E-16,4.44E-04,1.18E-03,2.53E-04,3.79E-04,5.41E-05,5.17E-04,8.66E-04,3.90E-04,1.33E-04,2.02E-03,1.63E-04,2.05E-04,4.06E-04,3.77E-04,5.88E-04,2.76E-04,2.50E-04,4.71E-05,1.42E-04,3.37E-04,1.46E-04,1.63E-04,1.35E-04,2.02E-04,6.43E-05,5.29E-04,3.48E-04,6.59E-05,7.61E-04,2.76E-03,1.34E-03,4.21E-03,2.98E-04,1.52E-03,1.88E-03,4.06E-03,2.51E-03,1.24E-03,1.44E-03,3.36E-03,8.94E-04,4.07E-05,9.58E-04,1.73E-03,3.91E-03,3.97E-03,2.23E-04,3.52E-04,7.28E-04,6.64E-05,5.14E-04,3.81E-07,1.32E-04,1.09E-04,1.10E-04,3.60E-04,6.37E-04,1.13E-03,2.23E-16,4.24E-05,5.30E-04,1.29E-03,2.77E-04,3.52E-06,3.63E-05,8.79E-04,2.79E-03,5.80E-04,2.10E-03,7.61E-04,6.35E-04,5.00E-04,6.96E-04,2.40E-04,1.09E-03,1.09E-04,1.32E-03,2.50E-02,1.05E-02,2.61E-02,1.64E-02,3.23E-03,4.16E-03,7.11E-03,1.80E-05,2.82E-02,2.88E-02,6.62E-01,4.74E-02,1.61E-03,1.06E-02,2.39E-02,3.18E-02
